x1,x2,x3,x4,y
1.0941111795,-2.6770738872,-1.6778407634,-1.8937691358,0.0433610289
-1.9445645935,1.8725670399,2.5400699882,-1.3405536132,6.3344613619
1.9185273696,2.3393561587,0.0778227314,-1.5302123936,1.8707392701
1.9454495766,-1.7174222197,1.4488023134,0.7796412275,12.4934429963
2.5644435512,-1.6085508684,1.7947507717,0.1089902211,34.6300787998
-1.6106662511,-2.0045760406,-0.0132661890,0.4963478437,8.2153194965
-1.8939720754,-2.9106304994,-0.1732006267,1.3694599691,4.9557171696
2.5116029506,0.7532040344,2.5027354353,2.1881415066,0.0031093989
-1.6911427605,2.1967645844,1.3845116182,-1.3328082582,4.4014250887
1.7822613191,2.1913302771,-1.2033726262,0.1622525042,25.4226553860
-2.5710791603,0.4994304609,-1.5725616022,1.5897818766,0.0066467889
-1.9582101829,-1.1235464625,-2.9131531393,-2.8046884704,0.0100258344
-0.0197889492,-0.1901247934,-2.2338580626,-1.4546249705,0.6034405112
-2.9809133442,-0.7135935131,0.4552385042,-0.4362073723,2.3109778808
2.0106140839,0.6989475085,-1.4034965279,1.8661326679,0.2424574236
-0.0030794982,1.5528619260,0.3965345180,-0.3753578307,0.1398894226
-0.6230733335,-2.8665882725,-0.1838952710,0.7413504129,2.2399565757
2.6766805261,-0.3880435190,-0.0861515815,0.1146908639,0.8954322200
-0.5484541200,0.4727743131,-2.5778959603,-0.0696970128,5.3498592286
0.6608689698,1.4632746439,-0.4210180774,-1.1831872037,0.4751470631
-2.9646598001,1.5388738209,-2.5345441788,-0.0600717740,4.0967293757
-1.1738334193,2.0449329731,2.7028551735,-1.0867525276,7.9943123608
2.3866097336,-0.9748256963,1.8726726631,1.7930615884,0.7080211974
0.9317110621,-1.6277792713,-2.1739532115,-0.4537731664,0.3516783213
-2.0907674819,2.2396376927,-1.9252394551,-2.8182320303,0.0027015981
0.3554980628,-0.4271624799,2.1515845294,-2.0350117468,0.0843765697
-0.8378778036,0.8430596210,2.5864760977,-1.4291938675,1.4062352082
1.1285904815,-2.1056840859,1.4409298405,-1.2409123019,3.1244799412
-1.5375293726,-1.6210713729,-0.7760930090,-1.0286694751,3.7081185015
0.6758500309,0.2682924011,1.4978586293,-1.2302742874,0.3815280201
2.7633223703,0.2608965516,1.0765448905,1.1295554910,0.0353035118
-2.0862132435,-2.1298532907,-0.2277370677,0.1316012005,21.4442256327
-1.3677314810,-1.9192743183,0.0235265232,0.9578300905,2.7040683499
-1.6274732795,-1.6894906148,2.7293943538,1.3493576050,0.0000661047
-2.7939789104,2.8897022051,-2.9490230022,-1.4102287101,3.5945403927
2.5039449092,-2.5176737017,2.1282942253,-2.1319356158,0.7550403197
-1.9245535336,1.7080408398,2.3725443397,-0.2355940436,30.3033587313
-2.7690979068,-1.1081684387,-2.9082405018,-0.9049578892,15.7500633869
0.9558601133,-1.4087032068,0.9121130306,2.5648811797,0.0070898360
-0.2031674485,-1.7573426360,2.5362854678,2.6751396657,0.0037037477
-2.1905660765,2.3978312026,-1.2471049990,-2.2309473407,0.1106052348
-2.2915398586,1.5567004625,-2.4693449135,1.5789104616,0.0996424940
-1.5622886761,-0.4872972605,-2.1418937657,0.9160187827,3.6419955312
-0.2532844389,-0.6370190920,1.8280388251,-0.2459093375,2.6148585578
1.1494100239,1.6919344626,0.6892875494,2.7683453686,0.0007400701
0.3052682845,-1.6859248364,0.2512790576,-1.5326581150,0.0560031213
-2.5000378967,1.5381725505,-1.4130147090,-1.1181573777,1.6947624099
2.9300571487,-0.5966530104,-0.3521274250,2.5235923796,0.0033421090
1.7403982697,2.1568925259,-0.1898597164,-1.7249785576,0.7934963536
-2.6061671010,-2.5211158855,-2.1780626819,-1.3839064550,11.2748002874
1.6642437020,-1.6228439472,-0.4692385112,-0.2511807902,4.6754169089
-1.1418840472,-1.9379345840,-1.3918152757,2.1141262873,0.1488157555
2.9644336483,-0.7759545278,-0.2294945474,-0.9900686780,1.6089892309
-0.8073677700,1.1230409668,1.4119578842,-1.0977744641,1.6110310439
-2.1298794846,1.2451560157,-0.3636540158,2.4977716535,0.0102223734
-0.5439953453,-2.8337099581,1.3568318390,2.9146913417,0.0000069724
-0.2018290388,2.7158963329,-2.0244617498,-1.7228418717,0.1120191014
-0.9509277493,-0.5643237837,2.3967491302,2.8350586197,0.0011179289
0.0612733775,1.1804656641,0.7657138476,2.1631965263,0.0044637524
-2.3533108303,0.3700489728,1.8499764410,1.6453627018,0.4939335732
1.6047717170,2.8872002087,-2.8301771048,-2.3634135750,0.2089455356
-2.0800246197,0.4852908829,-0.4149763031,-2.6152235405,0.0003783606
-1.3249012614,-0.6554384739,0.0352273153,1.5344333527,0.0659053670
-0.0658577831,1.9543655420,0.2428088426,-0.8569007896,0.0662321440
1.8358648853,-1.8817287199,2.3357341907,1.0404822449,11.3563448420
2.7202635121,-1.7409420252,-1.6035257756,-0.2606473336,9.1668625011
-2.1074651281,-2.7616403110,-0.8885513331,1.5064406218,4.6525748464
2.3339102033,-1.6000141835,2.6658221475,-2.5245705286,0.0698905029
-2.5302510338,1.2322835261,-2.5931829272,2.8238843637,0.0000947959
-1.3547411383,-2.2276571121,1.6107267892,-0.4652948308,1.5946665777
2.4004523138,-0.0452487564,-2.9520982317,-2.0199412608,0.1366810921
-2.4036869005,-1.9119030388,-1.3765909827,-2.5477293971,0.0541124003
2.2735524068,1.0397568351,-0.3361360115,2.3922798918,0.0238387706
0.6700064780,1.0903306885,1.2758733702,-0.3632160695,0.2606439029
-1.2410145609,2.3205514733,-0.7854819160,-0.3792347088,3.7987554161
-1.3423592909,0.3218675691,0.2288577907,-0.4095972874,0.3693480857
-0.8803287198,0.2504584672,-0.7076523488,1.6745939352,0.0143707093
-2.0795267395,1.3227707207,-1.7479919365,2.5921488013,0.0012140995
-0.6900497246,-1.0573191080,2.4058579733,-2.7157434421,0.0017605343
2.8658095392,2.5721219044,0.9877719015,0.4176049156,34.2271873316
0.1461170884,-2.4995013931,-2.4553072124,1.1438707144,1.1805394605
2.7478060644,0.0614956423,-2.9938893063,1.9730515677,0.2039308235
1.9831625530,-0.9809286591,1.0789117883,-2.1504981050,0.0896973536
-2.0205721316,1.2685952246,0.0595634203,0.5335536181,5.1750280795
0.1422350951,2.6428057383,1.7321530779,2.3947402457,0.0059442624
-1.2503185157,2.8776637140,1.9126665643,-2.4026026823,0.0945024196
-2.4773583654,-1.8508737730,-0.9817521587,-1.6833735887,1.8220763078
-2.6889591281,-0.3299212229,-1.4249288400,-0.2239803881,5.0841216864
1.7009248505,-1.0693639675,-2.7581820692,2.0072278397,0.0156974186
-0.0580889603,-1.5351068492,2.5695438843,1.4111703152,0.8398052432
-0.4697762145,-0.9172575921,-2.5736892674,-1.2860861749,1.7267965073
1.2949765864,-2.5461907517,-0.7411323032,0.5494292579,4.8312848767
1.4397391431,1.4569350638,-1.2443527370,-1.0245456295,3.9095437650
-2.0559095984,1.3757270470,-1.4071826201,-0.1174599528,1.9920996644
2.3983550426,-2.9614262254,2.1401607639,1.4390930328,10.7691116359
0.8709142874,-0.5575365466,0.7441105691,2.6915813204,0.0010796625
-2.4283032408,-2.5933683301,-0.9570177878,-2.3816606608,0.1810353651
2.5065398051,1.7242692848,-2.0494901598,-0.7582385103,22.8448404859
-0.5076522497,2.7265374494,-1.0246814813,-0.1187488743,0.1273961246
0.1737730534,1.6908196417,2.2082678853,1.0246470338,1.2826883573
-0.8200246901,-1.6257239817,-0.6115467292,0.4550263867,3.0745126910
1.6015326730,2.7569820822,2.2404141549,1.7266550436,0.2399568430
2.4039585445,1.1763020071,2.6729413689,0.0812908245,0.0238174804
-2.4535458396,1.3771313611,2.6908672477,-2.8137583728,0.0134253507
0.7325567708,-1.1713889575,-0.5749051742,2.5085929547,0.0001483085
-0.9936628800,0.7548778024,-0.4596075076,2.5609927764,0.0001196332
-0.7879430421,-2.4037225489,-0.4860076316,-0.5692856259,4.0964399341
2.3122729321,-1.0115138775,-1.2359733367,-0.5578111143,0.8911649812
1.1460584302,-0.4661205059,0.1323185326,1.2613056676,0.0905129225
-2.8392117793,-2.2010445989,1.3506928568,2.4430528183,0.0613823392
2.2021629692,1.2432164976,2.8911279579,2.1174330326,0.0002656256
1.1625159835,0.8407301771,2.1187897587,2.2809369900,0.0071681031
-1.3557721053,2.1241148115,0.5292408160,-2.9988817213,0.0014438812
-1.8174034949,1.6775889803,-0.9468570172,2.0583657604,0.0638580930
0.6160351374,2.9199296217,1.5831253949,-2.4417334335,0.0001197357
2.0267273432,0.9834729353,-1.6792634710,0.1008264770,13.3508030296
-2.0378892597,-0.7617235408,1.4687308742,-0.2798016191,0.0064591701
0.9687487061,2.3960708633,1.2091505335,-2.4476598007,0.0030928999
-0.5251592428,-1.1032029977,-0.1292880227,2.3810870366,0.0017321777
-0.9425981118,1.4485787046,-0.1903400219,2.0263116829,0.0227485526
-1.5857976868,0.1407336951,0.7908704512,-0.7398016435,0.5948710114
0.3810159041,-1.2195681801,2.9245546207,1.1235641709,3.2504997989
0.7767603181,2.6072851465,-0.3559620001,2.8876161084,0.0013561308
-2.4599162211,2.9292691645,1.3181525196,0.4796392859,57.7253426869
-0.8610807723,-1.7814798733,2.8953472495,-1.5886699628,0.1485372159
2.2806461037,-2.6577154233,1.8075858854,2.2175069611,0.4531636180
-1.5305254410,2.8617190579,-0.7690134342,-2.0498646557,0.1951435737
-0.4830590603,2.8339538428,-2.3190526267,1.1578337364,0.2362214751
-2.1834478100,1.1117829141,-2.0746803941,2.6624989366,0.0001038686
2.4822669043,2.9064804386,2.2704933243,-0.6844806605,15.3007702650
-0.2051839719,-1.1166595682,-0.0470039393,-1.5725967155,0.0064294475
2.7603524982,-0.4928777644,-0.9838738277,2.6116507935,0.0001547597
-0.9148146220,-0.4710086559,0.7675704361,1.3833393061,0.0167251175
-0.4459930182,-1.6664527453,0.7313646310,-1.9791864113,0.0000027995
0.7132970910,0.8553910315,0.8333701578,-0.8881046147,0.0226429942
-0.6220751094,-1.4099072743,1.7362050796,1.2974352063,0.1371071956
1.1486254202,2.8278896333,2.3209093856,-0.4250367753,0.7177290439
1.5474290535,0.8643017023,0.2221821007,-2.1597585043,0.0117209732
-0.0381081528,-1.6982582248,1.8507490182,1.4357739785,0.4059786772
-1.9254522268,-2.4580288811,-2.3484816546,1.7015218759,2.7724682563
2.6490962944,-1.2616383030,-2.3445300913,1.2463205283,0.2105614454
0.1355801467,0.6340228038,0.0109285378,1.8584450367,0.0001780423
0.5093818233,1.8132770869,0.9465564563,1.1097190744,0.0001531361
1.4194837919,0.4691255082,-0.8414339804,-0.6224209575,1.5423365136
-2.8660435784,-2.7769307461,-0.2110763859,1.8118393125,2.5046449107
1.2433584777,-0.6906629692,-0.1228219500,2.0286852894,0.0088367818
1.7261572371,0.6613331091,2.0943784503,2.8752459764,0.0002331773
0.7377981717,2.8192898922,-2.5319456592,1.6551346539,1.3741810323
-2.4233711717,-1.6698520927,-0.9649794631,-2.2997952682,0.1267514093
1.2957769570,-0.9033873247,-1.9882012612,-1.7115444629,0.0357174005
-2.8513962587,2.7632112280,2.7070925572,-1.4733531135,12.7855388557
1.1956414098,-2.7214118437,-0.9025712362,1.0575973008,1.8065011319
-1.6339398244,-0.9651065163,-2.2131816479,-2.0921001465,0.1804874209
-2.9627389372,-0.9682146018,-0.4455658885,-0.4644014966,8.8527075060
-1.2905009855,0.1903895000,-2.8477309110,-0.5653533882,4.9182940283
0.6773905238,1.5844543590,2.9563632045,-0.3637504491,3.1064830131
2.6411316424,2.4982319664,-2.1648549361,0.0050598759,76.7884559557
-1.6543158043,1.7584650755,1.4110083558,2.8407393510,0.0058386294
-2.6439946716,-0.4017915158,-0.8128092249,0.9340686273,1.4694476097
0.1849268328,0.4211289264,-2.1477452467,2.6467802264,0.0044923849
-1.0501096080,-0.6407093698,-1.6284183670,-1.1798318817,1.3163822299
-0.7275312116,-1.4363726608,-0.2790087295,1.9985378374,0.0322958542
2.0619967997,0.6739032156,0.3162569133,0.6136960532,0.7904980363
0.0254325416,-2.5739876547,-2.3880241381,-0.1279968780,5.3066342819
-2.5569489514,-2.2216974142,0.7546336185,2.6735036672,0.0190914792
-2.7914221315,0.6138902637,-0.2850631459,-2.7629490060,0.0009872886
1.6822322702,1.2280837871,2.6060286115,0.9836427194,0.1108551243
1.2930266122,-0.8393688196,0.4745911134,0.7228387813,1.4430656218
-2.3009667942,-1.8047032587,-1.5834836515,0.6592814484,21.3038581619
0.2573081909,-1.0635248491,1.7387366607,1.1508831108,1.0769301283
-2.1641072144,1.7388138116,-1.1426806618,-0.2032788796,6.5880305608
-1.9095076561,-0.5803184673,-1.6223078496,1.4002141971,1.0495050913
0.5294786928,2.2886835705,-2.0516388438,0.4481488970,8.7122596955
-0.1675486493,-0.1430377897,1.5326752145,-0.5119243054,1.7514477065
1.1716273316,-1.3277310063,-2.2375442820,1.7571472629,0.0212117807
0.1551385016,-1.5134628030,-0.2892347404,0.7958789546,0.0015729622
-1.5183878979,-1.9162458168,2.9434242311,-1.8933855346,0.0000317275
-0.9944093108,-0.6099218964,2.1669577261,-1.3305972183,0.4145565149
-1.6702907166,-2.2399025238,1.5635681211,0.3910977080,4.0698239667
-2.4343272704,-0.2703092043,2.9306702870,2.5384316020,0.0082154185
0.3743031554,-1.5888994787,0.5338746419,0.0762257844,1.2663691459
2.8198806801,-2.9097572409,-1.1319210224,-0.5811115546,35.6927896225
1.3818567293,1.4951553084,1.4051734640,0.4133209086,0.3682149815
0.3100937071,-1.2584781027,2.2131890336,-0.4387412623,5.5910644651
-0.8547785455,1.7707518905,1.3484555277,-1.0886907935,2.5038587161
-2.8578720814,-2.9497013569,2.1049554551,-2.0937205217,0.4992377508
0.6146735333,0.5443899116,-1.6478782576,-0.3264900485,3.5329101211
-0.4858617614,0.0162476200,2.1421328427,2.4958297414,0.0091116146
-2.4805797176,-0.4255038070,-1.2327784092,1.7270944362,0.2652031637
-0.9249126158,-0.0893664117,1.2394603510,0.8113156276,0.6928715916
1.4606156383,-0.4144789947,0.2479390222,-1.3671355800,0.1123350553
1.6625705034,2.1977402930,-1.1872230533,-0.0134551187,23.4322122894
-2.3723673024,-2.3296395612,-2.1322275370,0.7794321330,31.9523374495
1.7175842417,-2.2248571584,2.9846153954,-0.8768011945,21.4736659625
2.3600678657,2.9976517436,2.0463566081,-0.7178787145,15.1018314948
-2.8550193771,0.0478300114,-0.0723400420,-2.9788899533,0.0000005774
2.2119143696,-2.1228955709,0.7620322584,-1.4249107053,3.9105684048
-0.5142445184,-0.1806771437,0.5259820812,0.1171161121,0.1849945939
-0.8133643730,-2.7572260765,-2.2403724499,0.7439458519,11.5551399035
0.6361066196,1.0096333002,-2.5177378393,-1.5012198662,1.0486099338
-1.5907778175,1.8877868907,1.5588092880,1.5098490834,2.1293485511
2.8314170261,2.4951077624,0.8644495119,0.0530636740,38.3348958277
1.9059242298,0.2979755702,1.6057124743,-1.9189741431,0.0270987442
0.0780338767,-0.0983663757,-0.0920962034,0.1170198000,0.0070298596
0.6839419138,0.6325087665,2.7155138143,-1.6827097169,0.3070925509
-2.1364951129,1.3765214053,-1.5391194064,-1.3169826671,0.3468328934
-1.9233953311,-0.1348331407,-0.5430509394,2.8510032479,0.0001899890
1.0511051589,0.5092357126,0.4640568393,-1.2899795686,0.0009600978
2.3231083153,-2.3018651937,1.4133289467,-2.2559219783,0.2817040491
-0.0096580820,-1.7016135372,0.3229367209,-1.8224399720,0.0033919617
0.0172135963,-2.8133456619,-1.5193877727,1.4123694526,0.2943584592
0.1181377269,-0.0291883507,0.8189315609,0.1515289308,0.6609567350
-1.4215981905,2.3398276799,-1.1210296129,-2.8906150579,0.0011431589
-1.8629848875,-0.5455727661,-2.9414361594,0.2742258641,14.5296582163
2.7196569061,0.3582270299,-1.7575968698,-2.6149444008,0.0080027099
0.2434245038,1.1126919233,0.8493552170,0.4049062928,0.2840551316
-0.7925899499,-0.6698375645,2.1743787128,-2.7099650357,0.0017462440
-1.2070410014,-1.2765278055,2.8882778988,0.0106335876,1.8154337256
-1.9127046403,2.0877443620,-0.7575209771,-0.6897527480,6.5061146337
-0.9770603434,-2.0984666537,-0.3202377902,0.2952708952,5.1503922419
-0.2829801246,-0.7121223129,-1.6218340355,2.1522166559,0.0323647616
2.1781909627,0.3763082073,1.2609941605,2.4658792426,0.0004454093
-2.0372501655,-2.2358874090,-1.8099504492,0.5482243518,29.9965517659
-2.5599432750,1.4029722955,-2.7005832768,-2.8460851118,0.0002408966
2.7977741827,-0.8803545102,0.3563217279,-0.1024858982,7.8657099839
0.8832244022,2.6530294706,0.3426539832,-1.0640532569,1.2900117573
-2.7570934076,0.8691642678,-0.4768882607,2.7322206936,0.0021103056
0.5112227378,0.8042253160,0.8483249863,0.2579646899,0.1788271496
-0.6719810834,-0.2339119962,1.0972135984,-1.5669521735,0.0758477016
-1.9047578966,2.3955630752,1.0968705783,2.2277968869,0.2239598830
-0.7960972416,0.4552018903,0.6258155743,2.3677151245,0.0035892423
2.2645936273,-1.4383803214,2.8113741102,-0.7666135352,20.4626125494
0.6580170881,2.9593896577,-0.5569277485,0.8512578335,3.0384394344
2.9298300326,0.7757559640,0.9457134428,1.7289642275,0.0886290654
1.7274617458,2.6880931456,0.8934784445,-1.4936189806,1.5108420703
-2.6329190996,-2.5216912687,2.7738061067,1.9398409652,0.3468899833
0.5602593859,2.3998289178,2.2207948852,-0.8425425935,0.3775530684
1.8567118230,-1.8056805046,2.9030284520,-1.1032846824,11.5852784412
-1.3224561864,-1.9061038204,0.3320678394,2.4080293526,0.0145230768
0.3256446821,-2.7660956973,-2.6799618498,0.1096660120,3.1277009098
2.3396635080,0.5000869964,1.4785612672,2.0204126532,0.0016060688
-2.2108091406,-0.4262769520,-2.9771120873,-0.4869919698,12.1190893741
2.1507364702,1.7248086277,-0.9930046639,1.2772982192,4.3264445652
1.2752347430,-0.0514356521,-2.3767776557,2.5570493874,0.0077274164
0.4354824181,-1.9295415695,1.0434894521,1.6262874714,0.2520167240
-2.3313000547,-0.4500622345,2.6979229789,0.5243082365,2.0648682388
1.7089611520,-2.0912966209,-1.3974654094,2.7787841768,0.0020991466
-2.5152799627,2.3646160629,-2.6186441711,0.5665400083,8.0397074543
-2.9172060182,2.4139960639,0.2082388785,0.2240273955,49.9945861774
-0.6689674631,1.1836750174,1.0028395420,0.6100746835,2.2198994859
-0.2308905533,-1.8629598812,0.4770705586,2.6342812887,0.0000021338
-1.2055659031,-0.2371417368,-2.6546093546,-2.4881869552,0.0177048707
-1.8033326365,0.7809839394,-1.3652981151,2.6988976159,0.0000012736
-0.5027909822,0.7453198662,0.3930361031,-0.0179033925,0.5892913930
-0.6018875672,-0.3231495503,2.9761007007,-2.4475439838,0.0193624777
2.7968774128,-1.4794296869,1.7882897368,-1.6143915388,2.5920875792
-0.6513679515,1.2751485728,2.5469752567,-0.3821753739,9.8576987412
0.6578706526,-0.9152696713,-1.7433079155,2.6420749431,0.0012108455
2.6342912537,2.8562096212,2.8693314770,2.4175710496,0.0627328177
0.3642123045,-1.1448475993,-0.6505295335,-1.2442271736,0.0116003837
-1.0942385748,1.5981272471,2.6386753422,0.4198099638,16.1389685380
1.2795180874,-1.3555186816,2.3701311058,0.1835350277,16.2892130990
0.9735030802,2.1841041658,-1.1025957494,-1.8713708308,0.3141796217
0.3428598574,1.9052524843,2.1498736455,-2.6990441312,0.0015362740
1.7556588165,-1.3484570530,-2.3632986397,-1.2189588440,0.0000038636
-2.2696647098,-0.7595421189,-0.0908687735,2.5372610957,0.0052697561
2.2493671131,1.5134600872,-2.4126250735,-0.2983749052,30.9547167648
-1.0157236010,2.8674378717,2.4886573428,2.4832132754,0.0612303279
2.0303070359,1.4957723976,1.2645627988,0.1616300474,3.0601020989
0.4936696816,-0.1184361637,0.0356169838,-2.0337237057,0.0001415102
-1.5406253051,-1.5949732059,-0.9544126955,-0.1999161343,11.1834682364
-0.3401777836,2.4988450040,-2.0157182687,-0.4033292500,1.1547824089
-1.4977076263,2.8160185651,0.0352131370,0.5854379282,12.8380170070
2.7661619275,1.1293048774,0.0728081380,-0.8101624615,4.8287932232
1.6466489752,-0.5460568411,1.5417535514,-1.7968154731,0.2360296452
-2.8577719595,-1.1107192090,1.3126656725,2.9604681865,0.0005412719
-1.7727298694,1.8803606134,0.6143320538,-0.1654530250,15.1635317852
2.4932138425,0.2968064402,0.3216664705,-2.7722764045,0.0000804029
0.7413642261,1.6578006518,0.5005723752,1.8388153653,0.0180450775
0.5320967441,1.2073238911,-1.3088911450,-2.0878703936,0.0486936434
0.3909364206,1.3967682276,0.2889772895,-1.9344052751,0.0015667760
1.8407794745,-1.9438237058,-0.5095845475,2.1664064471,0.0862162986
-1.7773938837,-1.1797500803,2.7376902695,-0.0184225726,0.4104977190
-1.4211566086,-2.9671071296,0.0432084369,2.2068617495,0.1336245411
-1.4659484483,0.6358662814,-2.7147125110,-2.9812823734,0.0004385935
0.3290435435,-2.3365063593,2.8639305241,0.8682475358,6.2097594415
-0.0460212141,-0.3694394429,-2.4023761816,1.3233530438,1.0158826892
2.7991215555,0.3433116129,0.4005350611,-1.7996677490,0.0123156446
-1.7902403725,-2.8814437067,1.2526952690,1.6999126129,0.8480742694
0.6322440501,-2.4695965603,-2.4453030753,-0.9742096915,0.3024399619
1.0318441619,1.8665667878,0.8887804654,-2.4860592330,0.0022263504
-0.5044851510,-2.3206252383,-0.6911042258,2.3904347771,0.0114351443
1.9700023258,0.7918575745,-1.7350848420,-2.3878965466,0.0362538536
2.0935223319,0.0150546601,-2.5057951493,2.2691627210,0.0373699408
0.2615770031,2.6173253627,-2.7763688981,-1.5965539770,0.9362536168
-1.0060934153,-2.3001382469,-1.9215511567,0.3020762069,16.3765360425
-1.1105157749,-0.2022478151,-2.2856993673,2.8039822747,0.0024259962
0.1032583305,-1.0235204558,0.0416397850,1.0648425630,0.0069842772
-0.3639888904,0.2198038089,0.0487142004,0.9654933178,0.0065231131
-1.3103824106,1.6044768850,-0.3744946116,2.1195197710,0.0334249179
-0.8372000234,-1.8051013386,-1.3580203631,-2.4983568847,0.0160237239
0.9100470959,-1.5596496577,-0.6026295019,-1.2341630968,0.1454294945
-1.4452102051,2.5264868785,2.8647466696,1.5567834347,3.7620441308
2.5034149397,-1.6515649604,-2.9462892499,-1.0040702195,0.5152146823
-1.8889315841,-2.0606024587,2.9198942636,-1.9016512947,0.0254213556
-0.8369700934,-2.7915084410,1.2016022407,-0.0732222136,1.2809005817
-2.2431387654,-1.3869428790,-2.6708529551,2.8602455099,0.0093580390
-1.1625694100,-2.6225127785,2.2284132742,0.2803589652,0.6222393291
0.4218386037,-0.6990161839,0.9610453687,-1.1787895761,0.3930524191
0.5533267994,-1.5100898379,-0.4495168236,-1.5664404407,0.0128131985
2.5287982912,-0.0780346310,0.5916047936,0.6177978916,0.4249398252
2.2890918216,0.0119489862,2.7334789790,1.8182980477,0.2684283846
2.3368940050,0.5175542398,-1.2084543790,-1.9757934138,0.1178973256
1.0587935846,-2.7188041170,0.4906293891,-0.4176880262,9.5346820465
-1.8301783810,2.2469449313,-1.3437502895,-2.3286819951,0.0338402161
-1.3581253132,-0.2896219557,0.3897113526,2.6992653757,0.0000000090
-0.8552908055,1.9274291134,1.6971168705,-1.1095233803,3.2682918068
0.9444487567,1.0500187795,-1.8133353784,2.6002120480,0.0091109501
-2.6179697165,-2.6291594088,0.3215229602,-1.1204159639,12.2695151242
0.3170106297,-1.2206806460,2.3199991043,-0.2729988074,6.8014098060
-2.3229718091,-1.3614673790,-2.0365222679,2.9330887601,0.0049616810
1.5887872649,-1.5674687481,-1.7609190649,1.2584846183,0.1091864994
1.7016068457,-0.0100704949,2.5356914292,-0.4016018816,5.5462333854
0.5800229359,-2.6267895149,0.2404130333,-1.6264473043,0.2208767952
-2.2691986266,-0.8275361712,0.5780102044,2.0747425104,0.0228207799
-1.0012141516,0.0938378199,1.0070284242,-2.9353900900,0.0002195099
0.3899526231,0.6197733663,-2.2737093031,-0.3253168516,5.6917963603
-0.3558067064,1.4740270940,-1.1093119311,-0.8189319463,0.1749119601
-2.6374740695,-1.5184448723,0.9253076894,-1.1079085916,2.7790422485
0.5639026148,-0.8302640669,0.5372215000,0.9085228987,0.4428058533
-0.5691086403,2.3128353973,-2.9643487342,-2.2204131980,0.0196241235
0.3280600115,-2.0486075208,-1.2136894760,-1.5648969689,0.0253425187
1.8789697937,-1.4614069564,-0.2670295080,2.2006400108,0.0484521509
-0.1550298299,2.2789463261,0.6803335409,1.8337011695,0.0370202451
-0.6602150780,0.2947442052,-2.8868898998,1.0718931970,2.2975267076
-2.8731882639,1.4836045667,2.9587971891,2.7415179974,0.0283875902
0.7734169516,1.7089617762,-1.6115270690,-0.2285078335,8.1663157611
1.4408284116,-2.2151413424,-1.2610623008,-1.9645334195,0.0785708544
-1.4489257807,-2.3295652237,-1.7669929801,0.7273499843,15.5799724420
2.7440310733,0.2748394089,2.5520453278,-0.8058823928,1.6883759963
1.2700853424,-0.9600179477,0.0703013497,-2.1064677882,0.0196725122
1.6050229012,-1.4268530325,-0.1789582710,2.8375771167,0.0014196343
-0.1825492671,2.4583989075,2.0684881709,0.0134208616,6.3354923531
-2.1937116749,-1.8892584889,-0.4660944851,-0.3809181392,18.3863758884
1.6113400033,1.4677076786,-2.5157460654,-0.7951384439,12.6586558812
-2.7645581550,-1.6345136649,2.7358691932,-1.3958683760,0.4529223536
-2.3439034189,1.1096075084,-2.4257330784,2.4932877642,0.0000611910
0.7601624991,1.1508893724,0.3177543542,-0.8341772278,0.1547658634
-2.8177567372,-1.2811196463,-2.6405934556,1.6273129863,2.7653521773
-0.4194682090,1.0498626188,2.0104891931,-1.2260722129,1.3359406566
2.2477002371,-2.2502340542,0.1615697172,1.6643720534,1.7068315354
1.4390538872,0.9648848815,0.3907824749,-1.6779117405,0.0596109975
-1.5692612811,-2.9441005533,-0.3104600771,-1.4078829280,3.3493149420
-1.5551083834,0.8311808553,-2.0588517937,-1.5809701199,0.0482242339
1.4789087286,-0.6178247549,1.6067819247,-1.9170071990,0.1610546939
-0.7045318659,0.7305219166,0.4921209400,-1.2238840047,0.2266509231
2.9544859291,-0.6612710800,0.8318541292,-1.9981002410,0.1432019557
-1.9595088450,-2.9175607981,-1.5745159906,-1.8021657831,2.0660067968
1.7705277223,-1.9340370722,-0.7756749055,2.5579952581,0.0100993534
-0.7014452732,-2.0526212447,2.3279176124,-2.0236512276,0.0131350664
2.6626560242,2.6866231354,-1.7486055644,-1.4585537076,9.4423860654
1.0839813472,-0.9483223819,-2.1900348503,-0.0312658596,1.3490897356
-2.9659953814,-1.5290062652,0.7141397300,2.8535635199,0.0042456506
-2.6445231971,-2.4545974771,-0.2205371868,1.9343240995,1.0683525758
-1.9744914562,0.4506059038,-0.9891577865,-0.1877641870,0.0095458246
-2.1170927856,2.0835239083,-0.4813825543,-2.8389632184,0.0048799458
0.6741234844,-1.4548902005,1.5618440318,-2.9291101126,0.0012146538
-0.5019477177,0.8376495172,-1.0656435593,-0.7534790704,0.2359441969
-0.6591903777,1.0874353431,2.5768705326,2.5742924312,0.0143650089
-1.6788173471,0.2880049673,-0.3163143666,-1.6436821899,0.0018754632
1.0446916829,2.0974311783,1.1560841027,-1.5484928975,0.0974063833
2.1831972004,1.4241400846,-0.6511645234,0.6716824282,9.0057490684
1.3364588566,1.3761020548,-0.7074327749,-2.3203912184,0.0297553312
0.9701363418,0.2937923922,0.4716576037,1.9697812603,0.0007193252
2.1968890970,0.6370989586,1.4634471694,1.1042468360,0.0012029150
0.0277775605,0.5141669523,0.2676811068,0.0282559023,0.0641597082
-0.7937768314,1.2400613303,-2.5110745408,-0.2494945203,2.1902711746
0.2699760022,2.0406199473,-0.5458850930,-0.2744516152,1.1156937477
0.0093270193,2.2936449752,1.1927517499,-0.0342433624,1.3704736525
-1.3741508746,2.8820702460,-0.7335281476,-0.8746472584,4.8453436541
-0.8523233467,-2.0188667217,0.0266053270,-2.0569850822,0.0417165017
-1.4225865459,1.5244849888,-2.1440266689,-2.7064806860,0.0000004015
2.3817400536,-2.0038309014,-2.3655330305,0.4635727342,4.6735636312
-0.0279991904,-1.3846707685,-2.5496225743,1.8038473532,0.2587762669
0.8272557449,-2.1324544075,-1.2635776804,1.9740855348,0.0050859209
2.4373950681,0.2099293172,-1.8697358851,-2.9157835574,0.0011518306
-2.2686936805,2.1218909586,1.4367266686,-1.4657407043,4.5584116171
-0.0208394510,-2.1499469963,-2.3347122701,-2.8637978515,0.0015530354
0.0417344220,1.2739256849,-2.6318858649,-0.5653165818,5.2373605639
0.4521369532,-0.4345784916,-2.7649610024,-0.8452492939,3.2290112507
0.6451851286,-1.7401170449,0.8254668483,-0.1921322481,3.6577949058
1.0076212394,0.0955540514,-2.8965338810,2.9453988729,0.0015293004
0.9823526030,-2.8404140331,-1.0235922426,-1.7773641439,0.1325492282
0.1519264857,0.1306441739,-0.8294600314,1.2086032358,0.1673968841
2.1639718759,-1.2990563625,-2.4144031975,2.9858212762,0.0000211433
2.0364145270,-1.2652653963,0.6082223998,-2.5330354408,0.0165814205
2.7530429018,-1.2281463874,-1.3595112018,-1.7091245262,0.2201821977
-1.6043564755,2.3972467820,-1.4290819133,-0.4205903305,4.8945481795
0.0559923157,1.6605604419,2.8003656334,2.4196299744,0.0210124265
0.1294637215,1.2113813894,-1.5088137485,0.2899741537,2.5506246513
-1.8612256373,-2.3023303622,-2.5377007316,1.7886571254,1.8988763073
-1.1554100963,2.6019408737,1.2568626410,0.6201119924,12.3726427077
-0.9448210848,-0.6612014961,1.8842685914,0.2918849701,1.4569053130
1.0737351162,0.1672521110,2.5351443149,-0.2119882519,5.3048305819
1.6637295613,0.9831680596,1.5409848310,-0.6749392943,0.0056916146
-0.9647107686,-0.5428721886,-2.7005871175,-2.5973435767,0.0122190287
2.2310126516,1.2868788178,2.2290038157,-0.1746969781,0.3998238687
-0.9692719298,-1.8402075119,-2.9455168129,-2.9280902577,0.0042272246
1.9512794473,-2.7925605451,-2.2496286286,2.8024252036,0.0039753715
-2.4284540170,-2.3215524821,2.1961032846,2.1404308072,0.1212956294
0.8049615145,0.1309038629,-2.8576038057,-2.7325205677,0.0050202273
-2.2953928343,2.0424515431,0.3344746977,1.5361484310,2.3825815891
0.7383818025,-1.6383799599,0.6155170392,-2.5204652353,0.0058035095
-1.3465110990,1.4181493879,-1.0994362620,-0.6681656582,0.4199595051
-1.1141957257,1.2309984836,2.9772560106,1.8801813441,0.5514144689
-2.8197537304,-0.9358407031,1.0931735380,-0.1344934149,2.3462593544
-2.3471504624,2.5756247038,-2.2989410825,0.6664542393,9.0020253794
2.6696869777,-1.7019481593,-2.1713321197,-1.6083524440,0.4235656617
1.7597792069,1.7079630476,2.7733246566,2.8682322840,0.0000144315
-1.4602620585,-1.4827035111,2.1523733040,-1.5125519195,0.0000165302
1.9532805749,0.4408981072,0.1137543259,2.1286037924,0.0060171140
0.4058092855,1.6320742543,2.0723495484,-1.4772740256,0.2242252169
2.5613503844,-0.5861967665,-0.5705582822,2.3793225263,0.0030142962
-0.5764921025,-1.5224128263,0.9801550872,1.7822384608,0.0004384632
-2.2687677708,-2.8517530771,-0.9358679403,0.6881352813,34.1583071698
-1.5223861605,-2.3029016378,-2.6444437093,2.6171811048,0.0400903676
-1.9148241756,-2.0637836228,-1.0305271789,0.7503383755,14.1367753278
2.7603426326,2.8827248246,1.4316939524,0.8318823616,21.3156579740
-0.4708798596,0.8461784778,-2.0676098437,-2.1714550828,0.0249576613
-0.3499418612,-1.7440982081,-2.1643523738,0.7235827136,4.5608215017
-1.2413835643,-0.1374823543,-0.0348067140,-1.9125341426,0.0010888337
-2.9972014840,-1.6775279290,-0.2072022180,-0.6800003525,17.2595935027
0.9656799933,1.2790468514,2.4603284669,-1.4507619075,0.1829509862
2.0803107275,-0.3575354900,-1.9112883281,0.3883015587,1.1722877330
0.6086804973,-2.3604099263,-0.9768836640,-0.5343954790,0.1589317435
-1.1987439903,1.1720386165,-2.1721129354,-0.1811592759,0.5695014015
-2.9506738072,-1.2404960395,2.8344231184,-2.4535347240,0.0016574852
1.6103489545,-0.1729479238,-1.5571566827,0.8390646837,0.8086253248
1.6308039530,-2.1515899666,2.1237550140,-1.5146591157,3.1993308901
1.6496390413,-2.7329746982,-1.3596113131,0.3255914733,8.9177144345
2.1825538247,1.6453164652,-0.4993570278,1.3507112256,2.6988875413
0.2357406263,-2.3477311550,-2.5046496896,-1.1618810055,0.9870008222
-0.7006828236,2.1650367070,1.0798610642,1.3552031930,1.0746921808
2.9125666734,-2.7501732297,-2.6826851413,-2.7734622738,0.0129536885
1.4167690467,2.7528791310,-2.9189655658,-0.6557810552,30.2478061388
2.5137847700,-1.5957156617,-0.1111066833,-0.2614519817,14.2063320333
1.0460150355,1.6609378447,1.9462691565,1.2679645174,0.0087429937
-2.1143256444,-2.9309598269,2.9420498284,1.9514079015,0.2351253042
1.4949717668,1.8973538300,-0.2380380211,-1.2172531071,2.1481305219
2.1276631079,0.2301206792,2.7697880973,-1.7876807847,0.2128210469
-0.6075284176,2.3872144869,-1.6948139257,1.3031439836,0.0109419035
2.0573724025,0.0552550494,-1.3328949913,1.6223106072,0.1505448796
2.3932582724,-2.8642021607,1.2086046397,-0.0974888155,64.4030901759
0.4705964210,2.1490221363,-2.6223054651,-2.1838475922,0.1120592718
0.1422017701,-0.1577630262,-1.1316266168,-0.9579443499,0.4914510448
-0.6935122477,-1.2727682428,-1.4770519726,0.4914990443,4.3733315279
0.1854673661,2.6124674924,-2.9833745880,-1.2737151016,2.3744111521
-1.2919801720,1.0150979788,0.1079750705,1.9821438261,0.0396232602
-0.5517645779,1.0212586693,1.2568321991,2.8622370811,0.0009170310
-2.2158054999,1.4759638063,-2.6114337875,0.7137143605,0.2609552454
-2.3563804846,-2.6288714317,0.6884723313,2.0707504589,0.4163302244
-2.1726136700,1.4968175877,-1.1403847702,-2.0528653323,0.0659180007
2.4873807199,-0.2394599651,1.1210422769,0.6790035585,1.8584212600
0.4317412092,-1.8930799069,-0.4825953116,1.8087065951,0.0042522385
-1.4403401548,-2.5057629699,1.1072005289,1.5152973252,0.6300319589
1.9730420762,0.7059541781,-1.2143980385,-1.9562664543,0.1480260580
-1.1654636939,-2.9877858575,-1.4710982898,-0.1126227956,24.2254968700
2.0081427158,-1.4470426764,-2.3288223294,-1.1389353876,0.0910050011
1.8518771440,2.7067703416,-2.5461300768,1.7003219757,3.1718442291
-0.2364258379,-0.2507928321,0.0617370415,1.5486102346,0.0000005425
2.4988103912,-2.2291053360,-1.4484989655,1.1805907084,4.2151896044
-2.9649584531,1.1537994075,-0.2422996050,-0.2968588903,9.2516239062
1.4412910635,-0.8278645100,-2.1767461569,0.9106286779,0.4221421215
1.6974271464,2.7134090578,-1.2608981105,1.1315740478,9.5651755817
1.6196275885,-0.2497299373,2.6325988418,1.5790764652,0.7620850558
-2.1787039789,0.3399156674,-0.2118109988,-1.5382684349,0.0262341421
-2.1904772847,0.2458746314,2.5011590583,1.5806954234,0.7595319952
-2.0888511360,2.0794602168,-1.6690599604,1.9010434682,0.1927522701
2.5491324667,-0.2656095308,1.2257283970,-0.1310822162,3.5589758311
-0.4477252982,-0.1491187123,-0.9801105600,-0.8003698642,0.5775424875
-1.8693021461,0.8803892424,2.8525000092,-2.0183699014,0.3442261520
-0.6557103178,-1.3024390550,1.6381536329,-0.8358106212,0.3057651378
-2.9740714141,-1.1199170559,-0.1445836781,-2.0476783741,0.1823865672
-1.9572683348,-2.1288089931,2.1340407483,-1.8877147991,0.1170883958
0.0494223434,-0.8689105714,2.9169304447,1.2898993646,1.6593949645
-0.1162500428,2.4521272985,-1.5284054453,-2.7633443831,0.0007462420
-1.3659887400,0.2735156515,2.8030193051,-0.7004691949,6.1779722187
0.7366127531,0.2530686179,1.1382572188,-0.2817824139,0.8368501004
-1.3502483819,0.1913276459,-0.5571462964,-2.7620603395,0.0000434067
2.7140363816,2.8853548033,-2.0297843425,2.4978331520,0.1897500564
1.8774474129,1.6932168948,1.1470631520,0.8899674420,1.8698602558
0.5349674474,-1.7417477269,2.9225229062,2.2821352859,0.0812875832
-2.8561742751,2.8803249633,0.3521863866,1.6002698262,5.6845220772
2.0372148928,-1.3386029322,-2.3232104996,0.1171544199,0.1608408051
0.3021696702,-1.3848907899,-0.2646663119,-2.3128515526,0.0001124038
1.7845947274,2.6837838333,-2.9873960996,-1.0462103419,20.2418025459
-0.6362344925,-1.9753644251,2.8683032983,-1.6252143797,0.1850775014
1.5363502455,-0.7958964995,1.1577838263,-2.4780503045,0.0122031382
-1.2398598070,0.9925812496,-1.8807657175,-0.6097268398,0.2914134282
2.9066417546,0.6080155132,-2.3645084120,-2.7384525514,0.0094503821
-0.9136955269,2.6710596135,2.7536322161,-1.6231686117,1.9355593541
-0.0573045734,1.5065558659,2.6059349742,-1.7074713381,0.3927072686
-0.1526234252,-0.0512766324,2.7551312745,-0.7047013506,4.5934760992
-1.0665948089,-0.4757344308,-1.6690220124,-0.5183085777,3.6209459547
1.5649262848,-0.5481371608,-2.4265699898,-2.1891393320,0.0204098030
0.3868671369,-0.9064524838,0.5946954914,-2.1426557534,0.0090650685
-0.8843545160,2.6447753358,-2.7349707459,1.7128132055,0.0083445225
2.0522180316,0.2476517614,1.7123323664,0.9386046862,0.6007844789
-2.2059290215,0.1275495822,-2.0720896299,-2.6377846594,0.0030498357
-1.6144504992,0.5004671312,-1.0132596371,-1.7097486823,0.0022654110
-0.7184292603,-1.8463888067,-2.0768340255,-0.7901355317,6.2040157583
-2.8500577098,1.1661521790,0.6605237523,0.9926624641,5.9254494567
1.5588830824,-1.5512598087,1.9861118888,-1.0555819213,6.3657350940
-0.9666468527,1.8063414403,1.2324866677,1.5499578828,0.8029398646
0.8363625011,-0.7351452036,0.2051050841,0.0475215946,0.6708062702
-1.9125482181,1.4668314314,1.1764363738,-0.6913514712,9.8307207976
2.6087956756,-0.6553001570,-2.1379450104,2.9782033602,0.0000258013
1.6031111675,0.4748025135,0.6563571985,-1.1267566209,0.0030859155
0.5429159983,2.2747356250,-1.6397134090,-2.0266575155,0.1359536284
1.6781600088,1.0893989023,-1.7588991248,1.0441882573,4.3247336717
1.3216480752,-1.3112992865,-1.1636719854,-2.0963019044,0.0040025999
0.3462929241,0.8903193698,0.3429427548,-1.3344441695,0.0002021042
-0.0523764420,-1.0117389512,-0.9847360438,-0.3470161414,0.9547038636
-0.5327692397,-1.0130195852,-0.5068819294,-2.4987379851,0.0021278960
-1.6801555276,2.9991200110,0.7821724251,-0.1830621961,32.7691495317
-2.8581259294,-1.9789105155,-2.7533198860,-1.2872671689,13.4855480974
0.8583501563,0.3516690257,-2.8783110404,0.6057024184,7.0075735630
-2.8677015721,-2.0459769530,-1.9992981829,2.1585173756,0.5862797581
-1.7482517286,2.1963953663,0.4865977666,1.0279722779,6.5062781161
0.3069462069,0.7676792735,-2.5534148196,-0.5239726873,5.9112390095
-1.4262033195,1.3911805318,-2.5458273026,1.6345706133,0.0218114320
-2.5545807730,-0.8373155117,0.0968748557,2.4496889659,0.0103268941
1.6303312146,-2.7326119785,2.0513638727,1.4497201330,5.1752740334
-1.8072408103,1.1446991316,0.4809970493,-0.3560597680,5.7270891122
1.9766199327,-1.3350934340,-2.4804425603,2.5508448776,0.0000375275
2.3124178534,2.0926700761,-0.8631118127,1.4611088416,3.8454049768
-2.3233101033,2.8406337997,-0.0448907182,1.6540712419,2.7855300962
0.9580689742,-1.3247854624,-2.4523180660,0.9718193503,0.5443370280
-2.4897957953,-0.0058682972,0.1005932600,-1.8095278832,0.0002797494
2.9561754807,1.9575175765,-0.4753977565,2.8354494988,0.0126421035
-1.0890849455,2.6326946850,-2.6501973186,0.7900482660,0.0252328642
1.8370107091,-2.1708921884,0.9190825077,-1.5249706844,2.3532658142
-0.3885276613,0.2347739512,-0.9171661537,1.0969560014,0.2047931982
-2.2333009324,-0.6786532696,-0.7886944664,0.0757094032,5.2795943381
-0.9323432298,0.4272442726,2.4325502017,1.9991020156,0.1473082979
2.3833625639,0.2498786100,-2.3397162962,1.5896534636,0.6883892223
0.0998488470,0.4010320681,-2.8249432956,0.7311817539,4.8090525509
-2.1528328913,1.0408486895,-1.6866905589,-2.7357232311,0.0001725085
-1.9964008270,-0.1267062590,-0.9368989193,0.6220659661,0.9614598307
-0.8839693855,1.6765909814,1.5355340014,0.2029637406,8.7383564538
1.3265924497,0.1101229852,-2.7613023775,-2.4669823856,0.0192260323
-1.5953374246,2.4626679834,0.5730125555,-0.5034347611,15.7290230882
2.5923714572,-2.5842986231,-0.1638522132,-1.7119281780,2.2792198574
-2.8727994108,-2.7467328485,0.7822722569,0.3986808227,43.1053633380
2.3039415231,-0.2236483717,2.0953100557,1.7807260418,0.2859786180
-0.2195879206,0.3059568054,-0.9392722384,1.6228663771,0.0546161541
0.5468723922,1.0081318382,0.9179227252,-1.1259014883,0.0378318367
1.9938055576,1.3071658822,-1.9220607351,0.7784237379,11.1869465324
1.3217992246,-1.3877301947,-2.4986097678,-2.9750459482,0.0000632185
1.4282620225,1.9040426489,1.3454478022,-2.3210250403,0.0086372597
0.8337686134,0.2288311969,2.0293841024,-0.9619897923,1.3398740006
-2.9576232415,-1.3270572868,2.1790914854,1.4893495932,0.3316463759
0.0805474516,2.1847076491,-1.8253210537,-0.1012600724,3.9643187640
-2.7661659255,0.2336396624,2.4562330179,-1.7002883484,0.5344315155
-0.2986931067,-1.0135604888,2.0288177635,1.1776449932,0.7444210105
-0.1064014319,-2.1657794413,0.2853067940,-0.7870034590,0.0016203024
-1.0613253046,-1.4817494961,-1.6212436358,0.7209301312,6.0661330988
0.1065187199,-1.2028258897,2.2594369761,-1.6634431161,0.3582591129
0.1028870083,2.0558538910,0.4639668898,2.8716520401,0.0000167101
2.9432331089,-2.5566664058,-1.6493669503,-0.9985984355,12.7353666566
-0.7187565771,2.9920866766,-1.4105780997,-1.4738858293,0.0623782176
1.9338362246,1.2380403509,0.0223321990,2.4841986692,0.0117498462
-2.6170487920,1.5068291029,0.0846253346,-2.5962596455,0.0191780452
1.7853641082,2.4866982552,-2.6148028503,1.0047929160,18.1326213337
-2.3195167744,-2.2374475018,0.2071968246,-2.9098534224,0.0052195547
-2.4830612518,1.2013149715,-0.7797931226,2.6835874179,0.0036178724
1.0236492321,0.3611797086,-1.7139688752,-2.1997594698,0.0343669200
0.7686766122,0.0948299829,2.5300122708,-1.2575861731,1.2416682128
0.7560187942,-0.1336866212,-1.9430078374,2.9259034252,0.0006495219
-0.7796401657,-1.5429698851,-1.3543740299,0.7187105208,3.9016004633
-0.3291288023,1.8151445128,-1.2730912324,-0.2034560984,0.4380243061
1.3887411223,-2.5639004129,0.8069319623,-1.9709501198,0.3920950520
2.0584154585,-0.8539056206,0.3670091650,-0.4731471213,3.6088697281
2.8392460166,0.2195064135,-2.6613016761,0.5292842082,8.1523646973
0.2653779422,0.3716551903,-0.1819899857,1.6106049101,0.0058837413
-2.4719944905,-0.0687960343,1.0507428630,1.2777985812,0.1515420159
-2.0912818030,0.8686236798,-1.0381893119,1.7904353877,0.0245554107
-1.8325993843,2.9118384120,1.4643667223,-1.4723879434,5.2914665192
0.8360777090,-1.8243962081,-0.2317484707,-0.9384722107,0.6935792550
0.8211914463,1.9967333868,-1.7525941619,-0.4065852505,9.7542348043
-0.7058422915,2.2897784529,0.0006431302,-1.3488804286,0.4237975180
2.9858470278,-0.5807472333,-1.7162131078,1.9973050798,0.0000058721
-0.4857249067,0.2729405220,-2.0450045511,-0.7753627196,2.0048366554
0.6291992318,-1.9289804659,0.7187367763,2.1183178212,0.0420164807
-0.7198612409,-1.7339759808,-2.7164370750,-2.0724752635,0.2143138110
1.7735934585,-1.3364874471,-2.4559944718,1.6242451882,0.0005239573
1.6533045217,-0.6157730049,-1.0726519713,-2.8464586713,0.0000009025
-0.1393714040,-2.7137646814,2.9449259353,-1.3030138210,1.2061105144
2.2213839825,1.7070630954,-0.9145383098,2.1019811069,0.2670281700
0.1706532400,2.3647923931,1.7687817027,-1.6879592689,0.1078976628
2.5288993528,-0.9382046304,1.2548748875,-1.3441750502,2.1603728647
-0.8842944162,-2.8932569296,0.1990612137,-1.4260212274,0.7285517367
-2.4398543005,-2.8343577774,-1.3311273933,1.0749356236,21.4152361457
1.9352423985,0.4772656268,-1.7110922007,-2.9894233587,0.0009127025
0.4216384148,-0.5040446351,-0.3009460715,2.0680228771,0.0001085826
-2.6889069780,-2.0528036647,0.7162149720,-2.9885565073,0.0030495972
-0.0988627028,-2.2762971036,1.3692149942,-2.1804872667,0.0112750995
1.8696822868,0.4440409973,2.3785785601,-2.1852002457,0.0202276730
-1.4748303316,0.3380822076,-1.7303031430,-0.1552544772,1.4809284873
-1.5017207889,-0.5008814414,1.0258910532,0.0013126114,0.0749153817
2.4444526165,0.9912312877,-1.1084560199,1.5115130398,1.2696724943
-1.2796613586,2.8596965544,-2.4885816023,-0.3858736177,1.1812595517
-1.3200749813,0.8611110332,2.0208747017,2.7850784616,0.0042661912
-0.4357867177,0.7222579504,2.5775024310,0.2327240716,7.9241176093
-2.2472611281,1.7358012467,2.9465651215,-2.9951853293,0.0059556931
0.4521181601,1.8272132337,1.0586720098,2.0603848729,0.0007751635
1.0965004186,-1.2214819588,-0.1180473038,2.3740411003,0.0053202977
-2.0119500874,-2.4697777771,-1.4806571237,1.3321376118,7.0532246584
-2.6633225098,1.6821632097,2.8010411025,-1.5735436562,4.4573187212
1.9854571349,0.3822307477,-1.4490954097,1.3534993143,0.7805255609
-1.2262657247,2.1816020813,-0.2938155595,0.9706168657,2.2106508376
1.7410030506,-1.7693717277,-2.7350965955,0.6699323489,0.0761537807
-0.5275605693,-2.3735053288,-1.6562870451,0.7834963426,4.5785273849
0.0684631378,-2.0973551906,-0.0297885563,1.6900624647,0.0007444353
1.9098393682,2.9499618247,-1.3119516395,-1.1432401779,13.0567652843
0.6455106768,-2.1561901652,-0.1183291905,-1.3317220175,0.2752920899
0.2874684877,1.8629576785,1.0664455788,1.6881560992,0.0163060459
-0.0895385419,1.5610530211,1.5782311182,0.0377972403,2.9473293430
-0.9247629749,-0.6651378832,-0.1727217270,1.1795097712,0.1543977556
0.6120917964,1.5382295462,2.9089481253,0.5110808750,2.9809221514
2.8288423052,2.1533868848,1.5754684225,1.8950405992,0.5622150293
-2.5397204373,-1.6562214045,1.5754277832,0.5962130272,4.8510287939
-1.7918347559,1.5115445483,-0.3932666021,-1.1847438048,1.3169910294
2.7724736044,1.0348534690,-1.9429754550,-1.6926295019,1.3195146224
1.5637302552,-2.8677120158,1.9395797645,-2.9081998602,0.0087598791
-0.3953337431,2.1470642724,-0.4141635363,-0.3864874723,0.1627026159
-0.3046401023,-1.2986876197,1.4192566161,-1.4514218860,0.1274633524
1.6138268255,2.5216588096,-2.6150909936,-2.9245351329,0.0086232820
1.4967566509,1.5720840763,-1.5950899077,-1.0211597054,5.4942960517
-1.7172376875,-2.0355773478,-1.1416606369,-2.5516368963,0.0319809103
-0.4526092065,1.5972764827,1.1872863358,-1.0120529372,1.3102192119
-0.9332681237,2.4593659693,1.0103267857,-1.1080234311,3.2011327707
-1.0280509331,-2.4296858966,-0.6372211149,-2.2477083200,0.0628568845
-2.2130149531,-2.4030883863,-2.0485708726,-0.9880337306,20.4444842774
-2.1945889962,-0.4586406404,0.1169482111,0.5458689621,0.5874373116
-2.6983358084,-2.5352472192,-0.4327814349,-2.4140074645,0.1558449554
-2.5883103065,2.9853076739,-1.1633583157,-2.0572379769,0.6255233629
1.4810465361,-0.2655292525,2.7524547694,-2.0880517537,0.1264539455
-1.9001092721,2.4177946906,2.8862860650,2.7367496012,0.0312656104
2.7919640226,-2.9731167366,1.5056495748,-2.5877656466,0.1187846211
-0.4697842749,-0.2485525160,-1.3298114582,0.9791812291,0.8022018606
-1.6493334102,0.1573747351,-0.9046260530,0.6973497515,0.2558631973
0.3774364302,-2.1641148474,0.4335276263,-2.0330163431,0.0250640941
-0.5050486288,0.7326373450,1.7797642312,1.6218858075,0.3329440064
2.4017863790,1.1208402643,-1.1552394337,-0.4434257358,12.1593102662
-0.4418863798,-0.7452813392,-0.3240149602,1.5648921574,0.0368762154
0.1424045695,2.9840320169,2.1925028914,0.4152596488,2.6294193882
-1.7778400516,-0.6782986512,-2.1551379283,-1.6769472888,0.6786507322
1.6677041748,2.5571113130,1.2737446564,-2.3799705459,0.0310174802
0.1912206561,2.2280166034,-1.8957085764,-1.5099861797,0.5513339041
2.5711329796,1.8674985014,1.9012277241,0.1374309764,8.2546935389
0.6141499000,2.2734548066,1.2823763909,-0.6636550417,0.0083465244
0.2894031872,2.4235517870,1.2445893492,0.1578276668,0.2878131332
-2.2415647279,-2.2879146825,-2.6877905426,-2.4382524138,0.1599886515
-0.7836092396,-0.2941685674,-2.4363276854,-1.6166139191,0.5211843859
-0.2865705437,2.1498199430,1.4475030179,2.7777164131,0.0018982447
0.4024618906,-1.1567125564,1.6958742389,1.1786809914,1.1644278864
1.2259907952,0.3177988203,-2.4084650375,-1.5554599816,0.6965704504
2.7453922980,-2.0546614480,-0.2691131523,-2.4998048034,0.0557587554
0.3001283569,-0.2184360053,-1.3717984275,-0.3218893827,1.5383219154
-1.6201507654,-1.5807096010,2.8543916000,1.7908216027,0.0034844209
-1.6335676290,-2.6712531756,-2.0287730576,-2.8316340102,0.0134615571
-1.8784815024,-1.1471011250,1.5118781363,0.4272184990,0.3443990864
-2.4636117121,2.5697522066,1.3434053088,0.0827226544,58.4928849223
0.4590440053,0.7517786856,0.6327531522,2.1496389396,0.0008144938
1.2274563223,1.1617225762,0.9446641854,1.3021718166,0.0425029253
-1.7192074932,1.5303113570,-0.3744333313,1.2800495193,0.9891529894
2.9562006854,2.3748026441,2.3857354583,0.0440715210,21.4383722291
-2.2993989207,-2.4796059921,2.8136489857,0.5270357225,6.3175418190
0.1944334500,1.0028323541,-0.3054809554,0.4323198161,0.2077675837
1.5957609657,0.9929142118,-1.8077506541,1.4518228115,1.3981787160
1.9719659339,-0.2317769199,-0.4464379056,-0.1026565153,0.0001115660
-1.6732545366,0.6813680231,2.6806446916,-0.2280916138,13.8580464048
0.3026713715,-1.5201344714,0.1601487940,-2.5417874476,0.0006015813
0.0026379601,-2.1414678125,-2.4165981474,-0.2090867332,5.5640355520
2.9008520066,-0.4287349688,-2.6210870891,-2.6921280918,0.0013506460
2.0244665782,1.5804238371,1.6105747053,-2.6695946081,0.0020282124
2.8095093948,-1.5309761691,0.0706955920,-2.4160018101,0.0557638587
-2.7409220642,1.7456392111,-2.2220687974,1.3570657171,1.0412389617
-2.8605820074,-2.7510526979,0.2407166585,2.0279636095,0.9524188924
2.4643341450,2.9690540101,-2.7412206077,2.3764960927,0.3566484906
2.8307256797,2.8271167600,2.1137397033,1.1032464353,10.2680535247
-1.8397312960,0.9553827930,0.4877332729,2.8202883754,0.0017708844
1.5895094997,1.5518920422,-0.9321969414,-1.8324857733,0.4020919565
1.1145678017,1.7101565105,2.5895931593,2.2718629120,0.0026787753
-1.9621045464,-1.3243522643,-2.2151710239,-0.9339273163,9.6862473364
-1.4295801307,1.4690309496,-2.9890294051,-2.2766941344,0.0044324386
-1.2491992117,2.5638104459,-1.0710305223,0.1863966740,4.3888910240
1.6031266006,-0.5105919598,1.1606523037,2.0866942578,0.0503421960
0.5930807885,-2.1324820090,2.5360307625,-0.1018395668,14.2967660416
-0.1653516333,-0.5680924178,-1.8053182990,-1.1182667889,1.0329316436
1.3806666835,0.8692817804,-2.8876801932,-2.6966139634,0.0116124271
-2.9072477106,-1.6136126342,0.1166142247,1.1638259789,5.4007022845
-2.1828804092,2.8533643057,-2.6903179391,1.7784392936,0.5296227958
2.1580187671,-0.1446173225,1.7274337458,2.2424477683,0.0272379954
2.7112926352,0.5866763711,-0.7665583480,-2.9561775954,0.0008902317
2.8220094737,-1.6152171993,1.6507791023,0.7402488389,22.2871700289
2.7848501616,-0.2384901904,-0.3062418448,-2.1253322566,0.0013990775
-1.9821168725,2.5636787340,0.1654415708,-2.9840562444,0.0037376552
0.1673612020,2.5174117186,1.4395845073,-0.1996388227,0.9963562168
0.7043804200,2.5225146791,-1.0334444868,-1.4083634917,1.0866095316
1.0191936459,-1.9220299301,-1.4316782572,0.2844879833,0.2563727013
-1.5777035947,-2.0374835097,-0.3254892419,-2.6343532450,0.0121364229
2.2727828893,1.6406781460,-1.2489710610,-0.3727177129,21.5653574685
-1.0230090735,-1.8093195210,-2.0668312410,-1.8970278374,0.4199315731
-2.4227447202,0.2461513764,-1.6936856938,-1.6891934532,0.0694168249
1.9536366847,-1.5775437940,-2.0762846621,-0.9916838425,0.3782714351
2.6919825494,-2.6739597903,-2.8819010845,2.1524718895,0.1811709843
2.2390918905,-1.2733316126,-2.6147589393,-0.9524444259,0.0225492342
1.6471922112,0.2093337960,-0.5614826765,2.3978360022,0.0026152467
0.5791493741,-0.1055419816,1.7069855293,-2.2790923195,0.0173452024
-1.9447955023,-0.6321346530,-0.7608540486,0.2508396567,3.7194527562
2.6766230900,-0.4851644369,-2.9728808500,0.5791169336,2.0044871618
-2.0628340225,2.4498735282,0.5436600188,0.7512567384,17.8177859714
0.7115656978,2.0333094273,-2.0126494458,-0.6096980013,8.2524198974
-0.4304057627,-1.1198568433,-2.9816061058,-1.3921066483,1.7274658216
0.6728315448,-0.5510034422,1.9445016448,1.3741049687,0.8112793623
2.8517475641,0.5500288348,1.5488634847,-1.8986309930,0.0000105318
-2.7117936288,-1.5194338348,-0.9887231998,-2.6206266442,0.0271702698
1.9508323217,-1.5655752465,2.8521040113,-0.1543706569,34.0626568978
2.4715551569,-0.8791132558,0.5306423922,0.3766884003,6.3416602442
-0.3179750655,0.6985358335,-0.6423507575,-2.1768534844,0.0015452350
2.9614031256,-2.3272625807,-1.4818445653,-2.5653160942,0.0405871075
1.2075593272,0.2077756981,1.0867490719,2.3974915090,0.0022281503
-0.8098741391,-0.4883976417,0.9438697856,-0.5584127735,0.2201196901
-2.2908018125,2.5370821088,1.2496923443,-1.3722427514,7.5860101634
2.5094951871,2.0913552053,-2.0086337575,1.2896031597,9.9824000122
1.1618447069,-1.2637013477,-0.5473656639,-2.4271190609,0.0023442178
2.6351107616,1.1506961428,-0.0936424067,1.4122908447,1.3295622425
2.1255883946,2.8714936058,2.4842386520,0.3870720102,11.2771424381
-2.4258284673,0.8194217554,-2.0168885457,0.0542906926,0.0008450098
-2.3121906924,0.1105689575,-1.1112662136,-2.2796155711,0.0040520632
1.2923902224,-0.3930633705,-0.1384724755,2.6531105142,0.0001197502
-2.1663583798,2.7806311288,-0.0934271953,0.7141109930,21.1202930237
-1.5295192280,0.9685295624,-0.5161900103,1.8746959457,0.0277273493
-0.1002717895,-1.1949021868,0.4512912282,2.7685637781,0.0000515301
2.8528842606,0.0656901672,-0.8446731989,2.3813735306,0.0036691758
-0.3023663214,1.1512816284,1.5207504103,-2.6213735310,0.0036212254
-0.5544278004,-1.3694681321,-2.8678510811,-2.7975155606,0.0052516437
-1.2441835730,-0.2528392418,-2.6598513817,2.2861852351,0.0475231553
0.1295492019,0.0912949951,0.3597792207,-1.7927908949,0.0048660122
0.3901329326,1.9921170833,1.0302880272,-2.8799548607,0.0000160131
1.9497044082,0.1957699720,-0.1136690734,0.1874985208,0.2369073817
-2.9702495539,-2.3069429449,-1.9637362604,0.3907478134,66.7155020893
2.7066661643,0.6202219632,-0.0075120671,-2.8362879631,0.0009123197
1.4444831142,2.1453483906,-1.8862854971,0.7742599843,13.6463288572
0.8122448254,2.4252897876,-2.9303128269,-0.5721044068,17.3096767189
0.4324808082,0.2282241264,-0.9609733797,2.5186399316,0.0019741431
1.5821185437,-2.1161018229,0.6988290392,-0.5966426027,11.4712884155
0.5539813090,0.3915133147,1.5331430112,2.4138810624,0.0051064785
0.6542926595,0.0623936988,-1.2671542714,1.9171534491,0.0433472305
2.8637946201,-1.0511985525,-0.9250155205,-1.3116714322,0.7783652506
2.9085333133,-2.2952305709,1.0507568533,0.4549394973,48.5379016441
1.2109725912,1.3158764742,1.8028241935,1.2162352331,0.0099829363
-1.8874263572,1.8053260522,0.6991499990,2.7116130738,0.0108058328
-2.2360429486,-0.9388608687,-2.2467366627,1.2794515219,3.6749801399
2.6947988900,-2.8581321247,-0.2115695312,1.5366038582,5.2916255777
-1.5975804604,-1.6505394176,-1.8664145152,-1.9834333473,0.3967717862
-2.3200972001,1.5799170257,-1.2866135922,-0.5169908548,4.3320321962
1.2789903631,0.3864892733,1.5892571201,-2.9756537576,0.0001711254
-1.2581310743,-1.9013626343,-2.9021929725,0.2934845702,25.7169330346
-2.9984141453,2.8767995822,0.0789141544,-2.1866446068,0.6352880474
1.0661627052,1.2989201328,-0.1165984513,1.0046703922,0.8216108176
-0.6800233078,0.5166078037,1.7832018338,-0.5055592607,3.5285302241
-0.9009008694,0.1496331637,2.2517710604,-0.7097206889,3.4418726711
-0.8844501702,-2.3941459288,-2.6812923589,0.8302245735,11.5589138655
1.8467278600,0.6671144489,1.2482081666,-0.4186243470,0.0002210510
1.5638528862,0.4042952671,-2.5776277138,-2.0207428214,0.1736122900
-2.4580381054,-2.6883921447,-0.8251208953,-1.1372181768,15.1601802420
-2.8560123028,-0.8744108087,-0.8556956392,1.1073919315,3.2983032233
-2.6916067988,-1.3030162618,2.4695603517,-1.0442258447,0.3618606212
2.4827726687,-0.8939753895,0.4093403883,-0.7800394081,3.7608794999
1.8972440755,1.1958306684,2.1115836476,-2.9628177276,0.0000038066
-1.8300239589,-0.3810630712,0.9938421598,0.7171560905,0.0525593349
2.2789922938,1.7294508507,-1.2388643517,0.8184947693,13.7327086711
1.6707911907,2.5686332159,2.6903515012,-2.1348786739,0.0268879367
0.3980391558,1.3684127674,-0.8456715409,1.5851381827,0.1566804130
2.8479685627,1.1161387637,2.6016939887,1.9187641645,0.0083845574
-2.0739520270,-0.8360348930,-0.4848430991,-1.8466062377,0.1626627500
1.0425578524,2.7647638953,-2.3230197664,2.3869490480,0.0908891217
-0.7870273655,-0.3239843505,-0.0709010231,2.4179873656,0.0003068717
1.3297953621,-2.5284855135,-0.5665071624,2.0720065449,0.1067857489
1.0205855199,-0.6751057612,2.3703199925,0.8218421065,4.7634059772
-2.1552553810,-0.9322040984,0.4684108470,0.0885588607,2.3552954169
0.8820986129,-0.7569692699,-0.4248920610,2.7622865360,0.0000286311
0.3141207578,2.6412490814,1.7709892471,-0.6921871845,0.5487724326
0.1808001988,1.9587911088,2.7358162332,0.6198332370,3.8628590251
2.7774537936,-2.7934040644,-1.0999425058,1.2219492581,9.9608357727
-2.6136955742,0.5571741147,-0.8782582144,1.2396457947,0.0718627690
-2.9741520650,-2.0792440692,2.6399323099,-1.8422285211,0.4217838049
2.2093531155,-2.0268259511,-0.4340568150,-1.8871083254,0.4645202747
0.9792090158,2.3007267210,-2.1417153994,-1.8741087799,0.5760693858
-2.7471885104,1.3917995067,-0.6220164141,-2.0014416046,0.1866504612
1.5120539907,1.4013345798,-1.6079707616,-2.4075467568,0.0422079383
-2.8287391987,2.0550134131,-2.6312819472,0.9159354466,4.3752596442
2.4132750387,-0.0385822478,-0.0252396873,-0.8506892561,0.0022339190
-1.3535266037,-2.1319543429,0.5083659683,-2.5942880471,0.0067486871
-2.4166367208,-0.0626805852,-2.2973896387,-2.0968538867,0.0738627801
2.4280342211,2.3664043265,-0.2384707471,-2.3297634248,0.1573066025
-2.7474621491,-2.6221253617,-1.0301429457,2.0585489097,0.9792200873
-0.9189463997,-2.4727352667,-2.4091561234,0.3363755099,19.5715050956
-0.4732555756,-1.9190312124,2.0905937482,0.1982944495,1.3441669283
2.9484903472,-1.2899161571,-2.4752078761,-0.2379612068,1.6667395292
-0.1638843706,-1.1996900571,-2.5029681539,-0.4439433822,5.9840981930
2.6351954435,0.4389333861,1.2906078391,0.4182875890,0.0150586608
2.3801707438,-0.5499559825,-2.5075868483,0.1755964010,1.3930150488
2.5312437634,1.3192813787,0.5261377865,-1.7645882769,0.3516685646
0.1489251652,-2.9036467798,-1.5001504921,0.7192322241,0.6796103547
-2.6872061108,2.0209843023,2.2060708917,-2.7916203685,0.0240608793
0.5459134944,-0.1046174950,2.4087949840,0.2482932193,5.7171471417
-2.5736237688,-2.7980452067,0.7024770431,0.7992325178,22.2961228976
0.9594917893,-1.3532198042,1.9306052048,-1.3470909795,1.6984161477
2.9326119811,1.3537060519,-2.3260962693,-2.9804193595,0.0054996356
-0.8162149955,-1.6095379952,-0.0574941789,-0.9469878051,0.7669148596
0.4972413595,1.7226637805,-1.1023229898,-0.2142163698,3.6651902914
-2.7752476336,-0.2808979578,-0.8237168919,0.2907090270,2.3621900679
-2.7682037816,-1.9016034717,-0.9715556302,-0.5059268682,30.1017014836
-2.4124522047,2.3399187873,-0.0457007584,2.7129557583,0.0199432075
-1.8049621339,0.2035727100,-0.4120961968,-2.3714241540,0.0000072015
1.3575619395,-0.3375981208,1.9924455497,0.1850349239,5.8040450668
2.0756729449,1.9243032467,-2.0206057145,-0.9179261406,15.5781258379
-0.7006766234,1.0707039452,1.0212761245,-1.6703229120,0.1927554778
2.3019780994,-0.5571867705,1.3338368769,2.8019589191,0.0026656091
-2.0068564666,2.3718559139,0.2013633429,0.8174758321,12.6174916369
-0.7689083670,2.2962173532,2.6452776431,1.2173528039,4.4202257932
-2.0698362899,1.8623802593,-0.3914293334,2.2919420103,0.0627560218
0.4858798503,-0.3944691260,2.2332309963,0.1521420225,5.7455735772
-1.8989076618,-0.2990050505,2.3415496232,-0.7049547483,1.9141036907
1.4708192665,0.2891882155,-1.6490977218,2.6040360861,0.0048848330
1.4223862970,-0.1820905865,2.9502152750,2.9092713356,0.0021726561
-2.9106119476,1.1575935824,2.8318737563,-1.3422925629,6.3453971823
-0.7753452070,-0.7009499979,0.8452966597,-0.7122887148,0.0548466323
1.7031296436,0.3254329843,-2.0112490937,2.7089690964,0.0042782812
0.1860914589,-0.8985591122,0.5688254709,2.3473691010,0.0021916857
1.6119724075,0.1260800236,-0.2960813452,-1.3935001596,0.0357622126
1.6601417856,0.3534204054,0.9127548469,1.1716706596,0.0269340734
2.3424154195,2.4674573594,0.1537932547,1.8105882311,1.1931223439
-2.8054926238,1.7936945172,-0.7728067804,-2.4733946501,0.0399778711
-0.7359148820,1.2523368698,1.5194827964,-1.0821850541,1.8473826578
-1.7940905011,-0.5382496455,1.7522813559,-1.7758752467,0.0264163739
-1.1074741882,-1.6098232310,-2.8506500570,2.6914011539,0.0153441586
-1.5809254257,-2.1701359022,1.0559871951,2.6665166819,0.0046057277
-0.1514771018,-1.3824542707,-2.7349388651,1.4993167314,0.9156004865
-2.0436629256,-1.1704004336,-1.3596410970,-0.8146056282,7.2482004101
-0.0524490331,-1.8025693679,-2.3008718927,-1.4967205006,0.6107550242
-0.4293943097,2.9951545685,-0.7037076900,1.8643020303,0.0104952129
-1.9064863890,-1.8007934595,0.4287207954,-2.0349649837,0.1435772818
-2.8656443286,1.0562773036,1.9262336047,-2.9150120277,0.0050053488
-0.8589627245,-0.1103218266,-2.0087135942,-2.2053222164,0.0341749037
1.1990679109,2.5950561420,1.2423861576,-0.9868167961,1.3195363550
-1.8139035807,-0.3103460608,-0.9824685216,-0.4878732147,1.8824111856
0.7930745285,0.7164341470,-1.7813551214,2.3371843296,0.0234240786
-2.2136896362,-0.2732964500,-0.6439413066,-0.0317400941,1.5582675562
-2.8700753092,0.2821054437,0.1432734418,-1.4901050405,0.0985860657
-0.1656335969,0.3792793277,2.1466985840,0.8566599514,2.3435908566
-0.9163549014,1.3519281484,0.9946882009,1.6955708688,0.2814528796
1.1787100450,-1.7485322959,-1.3187733540,2.4666681525,0.0012550007
-2.6095967378,1.9751125502,1.1026494598,2.5461831285,0.0598640057
-2.7875025791,-1.0892562037,2.3514887667,-0.0853966779,0.4655649715
-1.9866316254,2.0159782997,-0.5122514938,0.5010012840,9.4913344371
-2.3130585228,1.8410064043,-1.7105566557,-0.8263056014,3.2794596621
-1.2610657085,2.3519801333,-0.5279247672,-0.0004893236,5.9442166989
2.9929894951,-1.2439669971,2.2168338716,2.3172356380,0.1642841033
2.7243606854,0.0057194177,0.0611804830,-0.5684930953,0.0015050406
-0.2338451233,2.9204130297,-1.9426527402,0.3935860309,1.3591810007
2.9207758352,-0.5890075857,-0.4428543159,0.5940349635,1.1467594263
-1.1769948309,-0.1197009286,1.2241416485,-0.1999956842,1.1274305355
-1.3019205275,1.7667221749,0.4208927018,-0.6978728915,4.5493774734
-1.4554959324,-0.3437950557,2.8220550609,0.5686789253,3.9007605542
-2.1891632841,-2.6529439365,-1.3172584817,-1.3789275667,7.5819791863
-2.3631393560,1.1456315445,-0.3740647906,2.2767155532,0.0305334264
0.4541972371,1.9089631846,0.4656283995,-1.2713915921,0.0320024266
-1.6532975883,-0.7014145201,0.7819736951,1.2005615571,0.0337491564
2.4724986874,-2.4568398009,-2.0262020954,2.2441549507,0.1064987528
-2.2323151047,-1.0793385069,1.6295465590,-2.9894906154,0.0000799354
2.2661393829,-2.3136635256,1.3218703951,0.2361528069,40.7608875981
2.1491672005,-0.7910299571,1.5942320873,-0.4301522662,9.0191399529
2.2885097804,1.9643152481,1.0985027275,-1.3557316715,1.8361846041
1.0289020115,1.2986201410,-0.0336029403,-1.8039710237,0.0724363901
0.7686483445,0.1280012169,1.7881746521,-1.3889284173,0.4148171333
2.5010059635,-0.5668411771,-2.4821417353,2.9393433019,0.0002004817
-2.4103903486,0.8219838349,-2.2677412090,-2.8913907487,0.0000192000
-0.4261853294,-0.3308376364,2.7421213133,1.9607371893,0.1447707752
1.5317399704,2.0984668598,1.1638801507,0.0208536225,4.2024164652
1.3063898421,-2.3768054870,-0.5127830335,-0.2308847575,6.3709324718
0.5231272073,0.4055165236,-0.8474645187,0.9174718079,0.4838553836
2.7400635069,-1.2532779084,-0.2413031103,1.4146888762,1.3777139846
-1.1158875685,1.3565654024,2.3435800574,2.2105022660,0.1123251956
-2.3892691512,-0.4014335826,-0.0781096960,-1.7776855466,0.0456371014
2.0804906659,-0.1348617755,-2.5832080603,0.4183712797,4.4507331832
-2.2827177982,0.6325691608,0.0029059284,-1.1000941134,0.6241377726
-2.2783993448,-1.8035274164,-2.5687620048,2.4569307868,0.1065760505
-1.0755435660,-0.7787075041,-0.1170400335,0.6449503090,0.6011316140
-1.3738130519,1.9121115796,1.0305086711,0.6317039507,8.9750728469
0.5613347661,1.9613664521,-0.6606084495,0.6369411020,2.0683299656
1.9413689511,-1.0634105848,0.2742258820,1.8726101410,0.1640670878
-1.8106578247,2.7571924888,-1.6491513241,0.2437719007,10.5320254350
-2.5253954848,-1.3026490808,0.8957623418,-1.3277537811,0.9830969468
0.2540660213,-1.1741024899,-2.2960497516,0.3023624961,3.6423177342
-0.1508996466,-0.0267532999,2.1730891881,1.3098502866,0.8460919417
2.8532503749,0.9140657675,1.0115545343,2.5318158868,0.0041924950
-1.9498093465,-0.7823779224,-1.8419913246,1.0484603830,3.7774896569
-1.6211028345,-2.0595563818,-0.1339768887,1.8747369963,0.3588836663
-0.6656224545,0.0683519291,2.2593133263,1.6314209779,0.3710056445
-2.8224164712,1.4601156631,-1.1331076509,-2.6583304065,0.0076156679
0.9500623914,2.1183969256,-2.9068848500,-0.5169441799,18.5260919567
-0.3578617479,-0.1902043795,1.3523179730,-1.7146256762,0.0871966197
0.3831399209,-0.6743274340,-0.0498807911,1.7680289982,0.0019079201
0.6943712994,2.4913502094,2.1269742938,0.5983578536,0.1102056510
0.7537899613,-1.8183064157,1.8190718245,1.5835986420,0.8286682837
-1.2876655786,-2.3844940414,-0.8579079589,-1.8059373463,0.5915693309
2.3378110504,1.4801255868,-0.1924484814,-2.1516032536,0.1302288505
-2.5201228386,1.8995361506,-1.6716972971,1.9425097310,0.2229851635
-0.2675961475,-2.2730508863,2.9118175869,1.2993337852,0.9808275932
-2.3407532540,-2.1690328081,-1.0016759740,2.2516267298,0.2321914598
-0.5580533723,-2.5284151632,1.0104803347,-1.2716947503,0.0318333989
-1.0274589381,1.0642131701,-1.1422661854,-2.7741363540,0.0000010843
-2.5699526518,-2.7195309169,1.1705655664,0.4506565960,27.6325290803
0.6662484512,-2.1755187125,-2.3099348091,-0.5001039711,0.5766095029
2.1385237792,-2.8709646149,0.2079775892,2.0190664945,0.6835368094
1.9080842975,-0.8859343898,1.3544566096,1.7325374290,0.4608172692
-0.4012239825,2.5750600669,2.1439484905,-0.1813602770,9.7675086915
-2.3810804212,2.3046870102,-0.2385001446,-1.5992611728,2.1350586199
-2.6841741535,-0.0366346340,-0.6810301630,-0.6504630072,0.3978594282
2.9084721183,1.4429577041,2.3206342927,-0.3734333931,3.0618222742
-1.5469079100,-2.8084730806,2.8021426101,2.7648691046,0.0011386147
1.3886814081,-2.9192295314,0.7667189099,-2.6013849046,0.0267450154
1.9195460065,2.0434274407,0.9582535711,-2.6717590320,0.0069773760
-2.7544816955,-0.8369705418,2.0974798319,1.8200069482,0.0015751028
-2.4695382200,1.2904557257,-0.5963831461,2.4644199494,0.0154568175
-0.6860307635,-2.6528878424,0.1002314855,-2.4778689869,0.0063741870
-0.9463738008,2.0376413824,2.4606332673,-1.1055604507,5.6742624569
2.9894632797,-0.3844879511,-2.5710697248,-1.2645406914,0.4084373204
-1.5645363312,0.9034349095,0.1474473640,-1.8090812858,0.0923430635
-1.9452478726,2.1665190798,-1.7017367751,1.0321578863,2.1756985999
-2.3872729080,-1.6920052191,2.4905642154,-2.3682881932,0.0087917707
-0.8482148156,0.4282238348,-2.8497674467,1.2441152627,1.3151660199
0.4132460915,1.2754260582,-1.1907299181,0.0281900517,2.9484747866
-2.9400472753,1.1151676823,-2.3752983233,-0.7568762732,0.4601706429
-2.7444773800,1.1582275150,0.8210585309,-0.2514571032,15.0180365897
0.7965752488,-1.9781373621,2.6546799607,2.0050720320,0.3211928509
1.2817614112,-2.2291452376,-2.6366084928,-0.8163268512,0.0249974457
0.3839337985,-2.5960910351,0.1575706640,-0.5185086990,1.0182984426
-0.1594708495,-2.6191770576,1.7866047263,-0.3220412883,1.6893385085
-0.1655267376,2.7334107703,1.4394648603,-0.3897809784,3.0748386929
2.0193402219,1.4095758345,-0.0268213705,-2.7319892852,0.0047344552
-0.1739962628,2.9787083795,-0.1148696137,-2.1502587455,0.0015976939
0.6008191906,1.7871275092,-0.2993431767,-1.1006724413,0.5613775084
2.5764910749,0.5602996545,-2.8694880470,-1.3017090664,3.4173487916
0.6839163123,-1.2275915996,-2.5887358848,-2.4546979322,0.0073926888
1.0860318600,0.4469048901,1.5529978411,-2.9576608434,0.0001810301
1.7323639450,-0.5997120936,-2.4653894162,0.1176509458,2.0068447398
0.3508069888,2.7224578036,2.6435430642,1.6627284223,0.1796038913
-0.7297037258,0.9037790972,1.2817931658,0.5933427373,2.6502229280
-1.9304236633,-0.3261218350,-0.6860903145,1.9112872617,0.0448529009
-1.6988783161,-0.4873805408,1.9949225456,0.6525537645,0.8895079337
0.8826073577,0.5265509183,1.3778348405,2.5466997721,0.0012715664
2.4799010982,2.0664143491,-2.7268928825,-0.3015446217,56.2864350925
1.1378806197,-0.5632046356,1.9483375012,-0.9816816671,2.5574145109
-1.5789494278,0.2302828612,-2.1401745817,-0.6083806774,2.1798183934
-0.5347445203,-1.5410429889,-2.7428052332,0.4264996534,10.6065814656
-1.1541210079,0.6738371126,1.5200002138,-1.0753376001,1.6610623977
-0.5844849430,2.2920782286,-1.3675564935,-2.9806015196,0.0000001077
-1.4015663237,-0.6650552634,-1.9515177547,1.7668721766,0.3665088072
2.8437741773,0.2713976268,1.7796829622,-2.5554652327,0.0014815215
1.9674242105,0.4174096134,-2.0435133005,0.6214027270,5.5778890978
2.1366167264,-0.4001103794,-2.3582896292,1.7958482785,0.0898509427
0.9639802936,-1.5910072313,1.1892009115,1.7346937402,0.3657639840
1.2122539475,1.5740688685,0.2754266271,2.3690699391,0.0097355845
0.2630587798,-1.2806153612,-1.3370128770,-2.3729717607,0.0035859800
-0.5285233863,-2.2532225708,0.3661827020,2.9718153735,0.0000993201
2.0072539037,-0.9498091407,-2.0994263200,0.2541728767,0.0348890683
0.6248444178,0.1981153766,2.1770881343,-1.7481625638,0.1984577773
2.8707029994,0.4271239079,2.2570081527,0.0351768261,1.0613628649
0.9655150918,-1.2194346881,1.5107284761,-0.9426556936,2.9715322501
-2.4066082791,-1.3408714343,0.7000095368,2.5504780431,0.0095528294
-0.2823019791,-1.3292456867,1.7831585174,-1.4223721764,0.2621259461
1.9305879600,1.1287634137,1.7862473425,0.8955791979,0.0692306803
-2.3735544298,2.1864695567,-1.4912566087,1.5209584907,1.3532535852
0.8001777826,-2.5677278597,2.2030079886,2.4539488424,0.0439619098
0.0887791701,-1.9448970641,-1.5354926465,2.1000420576,0.0225717708
-0.6307329264,0.9925115071,-2.4633147062,2.5048790237,0.0063594127
-1.9561615606,-0.5290084059,0.9929339049,1.0231562517,0.0006160581
-0.0057271158,-0.9575597322,-2.1114730792,-2.6411867425,0.0041864259
1.9696928598,2.3751822350,-2.3503850575,0.4816343628,39.1754486655
-0.7206509899,-1.1928330500,0.4379856464,1.6593260573,0.0113264562
0.8903411860,1.6872575695,1.5411036832,1.3301008855,0.0002575501
0.4382189858,1.3205095160,2.2037116553,-0.7907169355,1.4131634120
0.6828254339,-2.6855502261,-2.4380272807,-0.3665193007,0.3192373736
1.1743867302,2.3859196086,-2.3239029165,1.2045878926,6.1569307104
